<?xml version="1.0" encoding="UTF-8" standalone="yes"?>
<addon id="context.playtrailer.contextmenu" name="Play trailer - Contextmenu" version="1.0.0" provider-name="gnoling">
  <requires>
    <import addon="xbmc.python" version="2.20.0"/>
  </requires>
    <extension point="kodi.context.item" library="addon.py">
      <item>
        <label>Play Trailer</label>
        <visible>StringCompare(ListItem.dbtype,movie)</visible>
      </item>
    </extension>
  <extension point="xbmc.addon.metadata">
    <summary lang="en">Adds a "Play Trailer" contextmenu button to the context menu in your video library.</summary>
    <description lang="en">Add a "Play Trailer" contextmenu button to the context menu in the video library.</description>
    <platform>all</platform>
    <forum></forum>
    <source>https://github.com/gnoling/kodi.addons/</source>
  </extension>
</addon>
