<?xml version="1.0" encoding="UTF-8" standalone="yes"?>
<addon id="repository.gnoling" name="GNoling's Kodi-Addons" version="1.0.0" provider-name="kodo-gnoling">
	<extension point="xbmc.addon.repository" name="GNoling's Kodi Addons">
		<info compressed="false">https://raw.githubusercontent.com/gnoling/kodi.addons/addon.xml</info>
		<checksum>https://raw.githubusercontent.com/gnoling/kodi.addons/addons.xml.md5</checksum>
		<datadir zip="true">https://raw.githubusercontent.com/gnoling/kodi.addons</datadir>
	</extension>
	<extension point="xbmc.addon.metadata">
		<summary>Kodi Addons by GNoling</summary>
		<description>This repository contains addons that are by GNoling, currently only Service AttractMode.</description>
		<disclaimer>The owners and submitters to this repository do not host or distribute any of the content displayed by these addons nor do they have any affiliation with the content providers.</disclaimer>
		<platform>all</platform>
	</extension>
</addon>