<?xml version="1.0" encoding="UTF-8" standalone="yes"?>
<addon id="service.attractmode" name="Attract Mode Screensaver Service" version="1.0.1" provider-name="Garret">
  <requires>
    <import addon="xbmc.python" version="2.1.0"/>
    <import addon="xbmc.addon" version="12.0.0"/>
  </requires>
  <extension point="xbmc.service" library="default.py" start="login"/>
  <extension point="xbmc.addon.metadata">
    <summary lang="en">Screensaver Service</summary>
    <description lang="en">Script to act as an attract mode, set Kodi screensaver to none when using this addon.</description>
    <platform>all</platform>
	<language>en</language>
	<license>GNU GENERAL PUBLIC LICENSE. Version 2, June 1991</license>
	<forum></forum>
    <website></website>
    <email>garret@werockjustbecause.com</email>
    <source>"https://github.com/gnoling/service.attractmode"</source>
  </extension>
</addon>
